{
  "execPath": "C:/Users/Chris/.platformio/packages/toolchain-atmelavr/bin/avr-g++.exe",
  "gccDefaultCFlags": "-fsyntax-only -std=c99 -std=gnu11 -fno-fat-lto-objects -O3 -ffast-math -fshort-enums -funroll-loops -Wall -Wextra -Wall -ffunction-sections -fdata-sections -flto -mmcu=atmega2560 -DPLATFORMIO=50205 -DARDUINO_AVR_MEGA2560 -DF_CPU=16000000L -DARDUINO_ARCH_AVR -DARDUINO=10808 -D__AVR_ATmega2560__",
  "gccDefaultCppFlags": "-fsyntax-only -fno-exceptions -fno-threadsafe-statics -fpermissive -std=gnu++11 -O3 -ffast-math -fshort-enums -funroll-loops -Wall -Wextra -Wall -ffunction-sections -fdata-sections -flto -mmcu=atmega2560 -DPLATFORMIO=50205 -DARDUINO_AVR_MEGA2560 -DF_CPU=16000000L -DARDUINO_ARCH_AVR -DARDUINO=10808 -D__AVR_ATmega2560__",
  "gccErrorLimit": 15,
  "gccIncludePaths": "C:/Disks/Tools/Megasquirt_Derivate/Schaltplaene/BlitzboxBL49sp-master_20210520/software/202202/speeduino-202202/include,C:/Disks/Tools/Megasquirt_Derivate/Schaltplaene/BlitzboxBL49sp-master_20210520/software/202202/speeduino-202202/speeduino,C:/Users/Chris/.platformio/packages/framework-arduino-avr/libraries/Wire/src,C:/Users/Chris/.platformio/packages/framework-arduino-avr/libraries/SPI/src,C:/Disks/Tools/Megasquirt_Derivate/Schaltplaene/BlitzboxBL49sp-master_20210520/software/202202/speeduino-202202/.pio/libdeps/megaatmega2560/Time,C:/Users/Chris/.platformio/packages/framework-arduino-avr/libraries/EEPROM/src,C:/Users/Chris/.platformio/packages/framework-arduino-avr/cores/arduino,C:/Users/Chris/.platformio/packages/framework-arduino-avr/variants/mega,C:/Users/Chris/.platformio/packages/framework-arduino-avr/libraries/HID/src,C:/Users/Chris/.platformio/packages/framework-arduino-avr/libraries/SoftwareSerial/src,C:/Users/Chris/.platformio/packages/toolchain-atmelavr/lib/gcc/avr/7.3.0/include,C:/Users/Chris/.platformio/packages/toolchain-atmelavr/lib/gcc/avr/7.3.0/include-fixed,C:/Users/Chris/.platformio/packages/toolchain-atmelavr/avr/include,C:/Users/Chris/.platformio/packages/tool-unity",
  "gccSuppressWarnings": false
}
